id,question_id,input_json,expected_output,is_hidden,timeout_ms
,1,"{""arr"": [1, 3, 5, 6], ""target"": 5}",2,FALSE,2000
,1,"{""arr"": [1, 3, 5, 6], ""target"": 2}",1,FALSE,2000
,1,"{""arr"": [1, 3, 5, 6], ""target"": 7}",4,TRUE,2000
,1,"{""arr"": [1], ""target"": 0}",0,TRUE,2000
,2,"{""placeholder"": true}",TBD,FALSE,2000
,2,"{""placeholder"": true, ""hidden"": true}",TBD,TRUE,2000
,3,"{""placeholder"": true}",TBD,FALSE,2000
,3,"{""placeholder"": true, ""hidden"": true}",TBD,TRUE,2000
,4,"{""placeholder"": true}",TBD,FALSE,2000
,4,"{""placeholder"": true, ""hidden"": true}",TBD,TRUE,2000
,5,"{""placeholder"": true}",TBD,FALSE,2000
,5,"{""placeholder"": true, ""hidden"": true}",TBD,TRUE,2000
,6,"{""placeholder"": true}",TBD,FALSE,2000
,6,"{""placeholder"": true, ""hidden"": true}",TBD,TRUE,2000
,7,"{""placeholder"": true}",TBD,FALSE,2000
,7,"{""placeholder"": true, ""hidden"": true}",TBD,TRUE,2000
,8,"{""placeholder"": true}",TBD,FALSE,2000
,8,"{""placeholder"": true, ""hidden"": true}",TBD,TRUE,2000
,9,"{""placeholder"": true}",TBD,FALSE,2000
,9,"{""placeholder"": true, ""hidden"": true}",TBD,TRUE,2000
,10,"{""nums"": [1, 3, 2, 6, -1, 4, 1], ""k"": 3}","[2.0, 3.6667, 2.3333, 3.0, 1.3333]",FALSE,2000
,10,"{""nums"": [5, 5, 5, 5, 5], ""k"": 2}","[5.0, 5.0, 5.0, 5.0]",TRUE,2000
,11,"{""placeholder"": true}",TBD,FALSE,2000
,11,"{""placeholder"": true, ""hidden"": true}",TBD,TRUE,2000
,12,"{""placeholder"": true}",TBD,FALSE,2000
,12,"{""placeholder"": true, ""hidden"": true}",TBD,TRUE,2000
,13,"{""arr"": [1, 3, 5, 6, 9], ""target"": 6}",3,FALSE,2000
,13,"{""arr"": [1, 3, 5, 6, 9], ""target"": 4}",-1,TRUE,2000
,14,"{""placeholder"": true}",TBD,FALSE,2000
,14,"{""placeholder"": true, ""hidden"": true}",TBD,TRUE,2000
,15,"{""nums"": [1, 1, 2, 2, 3]}",3,FALSE,2000
,15,"{""nums"": [0, 0, 1, 1, 1, 2]}",4,FALSE,2000
,15,"{""nums"": [5]}",1,TRUE,2000
,16,"{""placeholder"": true}",TBD,FALSE,2000
,16,"{""placeholder"": true, ""hidden"": true}",TBD,TRUE,2000
,17,"{""placeholder"": true}",TBD,FALSE,2000
,17,"{""placeholder"": true, ""hidden"": true}",TBD,TRUE,2000
,18,"{""placeholder"": true}",TBD,FALSE,2000
,18,"{""placeholder"": true, ""hidden"": true}",TBD,TRUE,2000
,19,"{""nums"": [1, 2, 3, 1]}",2,FALSE,2000
,19,"{""nums"": [1, 2, 1, 3, 5, 6, 4, 2]}",5,FALSE,2000
,19,"{""nums"": [5]}",0,TRUE,2000
,20,"{""s"": ""ADOBECODEBANC"", ""t"": ""ABC""}",BANC,FALSE,2000
,20,"{""s"": ""a"", ""t"": ""aa""}",,TRUE,2000
,21,"{""placeholder"": true}",TBD,FALSE,2000
,21,"{""placeholder"": true, ""hidden"": true}",TBD,TRUE,2000
,22,"{""placeholder"": true}",TBD,FALSE,2000
,22,"{""placeholder"": true, ""hidden"": true}",TBD,TRUE,2000
,23,"{""s"": ""abcabcbb""}",3,FALSE,2000
,23,"{""s"": ""bbbbb""}",1,FALSE,2000
,23,"{""s"": ""pwwkew""}",3,TRUE,2000
,23,"{""s"": """"}",0,TRUE,2000
,24,"{""placeholder"": true}",TBD,FALSE,2000
,24,"{""placeholder"": true, ""hidden"": true}",TBD,TRUE,2000
,25,"{""placeholder"": true}",TBD,FALSE,2000
,25,"{""placeholder"": true, ""hidden"": true}",TBD,TRUE,2000
,26,"{""placeholder"": true}",TBD,FALSE,2000
,26,"{""placeholder"": true, ""hidden"": true}",TBD,TRUE,2000
,27,"{""placeholder"": true}",TBD,FALSE,2000
,27,"{""placeholder"": true, ""hidden"": true}",TBD,TRUE,2000
,28,"{""placeholder"": true}",TBD,FALSE,2000
,28,"{""placeholder"": true, ""hidden"": true}",TBD,TRUE,2000
,29,"{""placeholder"": true}",TBD,FALSE,2000
,29,"{""placeholder"": true, ""hidden"": true}",TBD,TRUE,2000
,30,"{""placeholder"": true}",TBD,FALSE,2000
,30,"{""placeholder"": true, ""hidden"": true}",TBD,TRUE,2000
,31,"{""placeholder"": true}",TBD,FALSE,2000
,31,"{""placeholder"": true, ""hidden"": true}",TBD,TRUE,2000
,32,"{""placeholder"": true}",TBD,FALSE,2000
,32,"{""placeholder"": true, ""hidden"": true}",TBD,TRUE,2000
,33,"{""nums"": [1, 3, 2, 6, -1, 4, 1], ""k"": 3}","[2.0, 3.6667, 2.3333, 3.0, 1.3333]",FALSE,2000
,33,"{""nums"": [5, 5, 5, 5, 5], ""k"": 2}","[5.0, 5.0, 5.0, 5.0]",TRUE,2000
,34,"{""s"": ""ADOBECODEBANC"", ""t"": ""ABC""}",BANC,FALSE,2000
,34,"{""s"": ""a"", ""t"": ""aa""}",,TRUE,2000
,35,"{""placeholder"": true}",TBD,FALSE,2000
,35,"{""placeholder"": true, ""hidden"": true}",TBD,TRUE,2000
,36,"{""placeholder"": true}",TBD,FALSE,2000
,36,"{""placeholder"": true, ""hidden"": true}",TBD,TRUE,2000
,37,"{""s"": ""abcabcbb""}",3,FALSE,2000
,37,"{""s"": ""bbbbb""}",1,FALSE,2000
,37,"{""s"": ""pwwkew""}",3,TRUE,2000
,37,"{""s"": """"}",0,TRUE,2000
,38,"{""placeholder"": true}",TBD,FALSE,2000
,38,"{""placeholder"": true, ""hidden"": true}",TBD,TRUE,2000
,39,"{""nums"": [1, 3, -1, -3, 5, 3, 6, 7], ""k"": 3}","[3, 3, 5, 5, 6, 7]",FALSE,2000
,40,"{""nums"": [2, 7, 11, 15, 1, 8], ""target"": 9}",0 1,FALSE,2000
,40,"{""nums"": [3, 2, 4, 6], ""target"": 6}",1 2,FALSE,2000
,40,"{""nums"": [3, 3], ""target"": 6}",0 1,TRUE,2000
,41,"{""placeholder"": true}",TBD,FALSE,2000
,41,"{""placeholder"": true, ""hidden"": true}",TBD,TRUE,2000
,42,"{""placeholder"": true}",TBD,FALSE,2000
,42,"{""placeholder"": true, ""hidden"": true}",TBD,TRUE,2000
,43,"{""placeholder"": true}",TBD,FALSE,2000
,43,"{""placeholder"": true, ""hidden"": true}",TBD,TRUE,2000
,44,"{""placeholder"": true}",TBD,FALSE,2000
,44,"{""placeholder"": true, ""hidden"": true}",TBD,TRUE,2000
,45,"{""nums"": [2, 0, 2, 1, 1, 0]}",0 0 1 1 2 2,FALSE,2000
,46,"{""placeholder"": true}",TBD,FALSE,2000
,46,"{""placeholder"": true, ""hidden"": true}",TBD,TRUE,2000
,47,"{""placeholder"": true}",TBD,FALSE,2000
,47,"{""placeholder"": true, ""hidden"": true}",TBD,TRUE,2000
,48,"{""placeholder"": true}",TBD,FALSE,2000
,48,"{""placeholder"": true, ""hidden"": true}",TBD,TRUE,2000
,49,"{""placeholder"": true}",TBD,FALSE,2000
,49,"{""placeholder"": true, ""hidden"": true}",TBD,TRUE,2000
,50,"{""placeholder"": true}",TBD,FALSE,2000
,50,"{""placeholder"": true, ""hidden"": true}",TBD,TRUE,2000
,51,"{""s"": ""(([]){})""}",true,FALSE,2000
,51,"{""s"": ""([)]""}",false,FALSE,2000
,51,"{""s"": ""(""}",false,TRUE,2000
,51,"{""s"": ""{[]}()""}",true,TRUE,2000
,52,"{""placeholder"": true}",TBD,FALSE,2000
,52,"{""placeholder"": true, ""hidden"": true}",TBD,TRUE,2000
,53,"{""placeholder"": true}",TBD,FALSE,2000
,53,"{""placeholder"": true, ""hidden"": true}",TBD,TRUE,2000
,54,"{""placeholder"": true}",TBD,FALSE,2000
,54,"{""placeholder"": true, ""hidden"": true}",TBD,TRUE,2000
,55,"{""placeholder"": true}",TBD,FALSE,2000
,55,"{""placeholder"": true, ""hidden"": true}",TBD,TRUE,2000
,56,"{""placeholder"": true}",TBD,FALSE,2000
,56,"{""placeholder"": true, ""hidden"": true}",TBD,TRUE,2000
,57,"{""placeholder"": true}",TBD,FALSE,2000
,57,"{""placeholder"": true, ""hidden"": true}",TBD,TRUE,2000
,58,"{""placeholder"": true}",TBD,FALSE,2000
,58,"{""placeholder"": true, ""hidden"": true}",TBD,TRUE,2000
,59,"{""placeholder"": true}",TBD,FALSE,2000
,59,"{""placeholder"": true, ""hidden"": true}",TBD,TRUE,2000
,60,"{""placeholder"": true}",TBD,FALSE,2000
,60,"{""placeholder"": true, ""hidden"": true}",TBD,TRUE,2000
,61,"{""placeholder"": true}",TBD,FALSE,2000
,61,"{""placeholder"": true, ""hidden"": true}",TBD,TRUE,2000
,62,"{""placeholder"": true}",TBD,FALSE,2000
,62,"{""placeholder"": true, ""hidden"": true}",TBD,TRUE,2000
,63,"{""placeholder"": true}",TBD,FALSE,2000
,63,"{""placeholder"": true, ""hidden"": true}",TBD,TRUE,2000
,64,"{""placeholder"": true}",TBD,FALSE,2000
,64,"{""placeholder"": true, ""hidden"": true}",TBD,TRUE,2000
,65,"{""placeholder"": true}",TBD,FALSE,2000
,65,"{""placeholder"": true, ""hidden"": true}",TBD,TRUE,2000
,66,"{""placeholder"": true}",TBD,FALSE,2000
,66,"{""placeholder"": true, ""hidden"": true}",TBD,TRUE,2000
,67,"{""s"": ""anagram"", ""t"": ""nagaram""}",true,FALSE,2000
,67,"{""s"": ""rat"", ""t"": ""car""}",false,FALSE,2000
,67,"{""s"": ""a"", ""t"": ""a""}",true,TRUE,2000
,68,"{""placeholder"": true}",TBD,FALSE,2000
,68,"{""placeholder"": true, ""hidden"": true}",TBD,TRUE,2000
,69,"{""placeholder"": true}",TBD,FALSE,2000
,69,"{""placeholder"": true, ""hidden"": true}",TBD,TRUE,2000
,70,"{""placeholder"": true}",TBD,FALSE,2000
,70,"{""placeholder"": true, ""hidden"": true}",TBD,TRUE,2000
,71,"{""placeholder"": true}",TBD,FALSE,2000
,71,"{""placeholder"": true, ""hidden"": true}",TBD,TRUE,2000
,72,"{""placeholder"": true}",TBD,FALSE,2000
,72,"{""placeholder"": true, ""hidden"": true}",TBD,TRUE,2000
,73,"{""placeholder"": true}",TBD,FALSE,2000
,73,"{""placeholder"": true, ""hidden"": true}",TBD,TRUE,2000
,74,"{""placeholder"": true}",TBD,FALSE,2000
,74,"{""placeholder"": true, ""hidden"": true}",TBD,TRUE,2000
,75,"{""s"": ""abcabcbb""}",3,FALSE,2000
,75,"{""s"": ""bbbbb""}",1,FALSE,2000
,75,"{""s"": ""pwwkew""}",3,TRUE,2000
,75,"{""s"": """"}",0,TRUE,2000
,76,"{""placeholder"": true}",TBD,FALSE,2000
,76,"{""placeholder"": true, ""hidden"": true}",TBD,TRUE,2000
,77,"{""placeholder"": true}",TBD,FALSE,2000
,77,"{""placeholder"": true, ""hidden"": true}",TBD,TRUE,2000
,78,"{""placeholder"": true}",TBD,FALSE,2000
,78,"{""placeholder"": true, ""hidden"": true}",TBD,TRUE,2000
,79,"{""placeholder"": true}",TBD,FALSE,2000
,79,"{""placeholder"": true, ""hidden"": true}",TBD,TRUE,2000
,80,"{""s"": ""ADOBECODEBANC"", ""t"": ""ABC""}",BANC,FALSE,2000
,80,"{""s"": ""a"", ""t"": ""aa""}",,TRUE,2000
,81,"{""s"": ""ADOBECODEBANC"", ""t"": ""ABC""}",BANC,FALSE,2000
,81,"{""s"": ""a"", ""t"": ""aa""}",,TRUE,2000
,82,"{""placeholder"": true}",TBD,FALSE,2000
,82,"{""placeholder"": true, ""hidden"": true}",TBD,TRUE,2000
,83,"{""placeholder"": true}",TBD,FALSE,2000
,83,"{""placeholder"": true, ""hidden"": true}",TBD,TRUE,2000
,84,"{""n"": 5, ""first_bad"": 3}",3,FALSE,2000
,84,"{""n"": 1, ""first_bad"": 1}",1,TRUE,2000
,85,"{""placeholder"": true}",TBD,FALSE,2000
,85,"{""placeholder"": true, ""hidden"": true}",TBD,TRUE,2000
,86,"{""s"": ""A man, a plan, a canal: Panama""}",true,FALSE,2000
,86,"{""s"": ""race a car""}",false,FALSE,2000
,87,"{""placeholder"": true}",TBD,FALSE,2000
,87,"{""placeholder"": true, ""hidden"": true}",TBD,TRUE,2000
,88,"{""placeholder"": true}",TBD,FALSE,2000
,88,"{""placeholder"": true, ""hidden"": true}",TBD,TRUE,2000
,89,"{""placeholder"": true}",TBD,FALSE,2000
,89,"{""placeholder"": true, ""hidden"": true}",TBD,TRUE,2000
,90,"{""placeholder"": true}",TBD,FALSE,2000
,90,"{""placeholder"": true, ""hidden"": true}",TBD,TRUE,2000
,91,"{""placeholder"": true}",TBD,FALSE,2000
,91,"{""placeholder"": true, ""hidden"": true}",TBD,TRUE,2000
,92,"{""placeholder"": true}",TBD,FALSE,2000
,92,"{""placeholder"": true, ""hidden"": true}",TBD,TRUE,2000
,93,"{""placeholder"": true}",TBD,FALSE,2000
,93,"{""placeholder"": true, ""hidden"": true}",TBD,TRUE,2000
,94,"{""placeholder"": true}",TBD,FALSE,2000
,94,"{""placeholder"": true, ""hidden"": true}",TBD,TRUE,2000
,95,"{""placeholder"": true}",TBD,FALSE,2000
,95,"{""placeholder"": true, ""hidden"": true}",TBD,TRUE,2000
,96,"{""list"": [1, 2, 3, 4, 5]}",5 4 3 2 1,FALSE,2000
,96,"{""list"": [7]}",7,TRUE,2000
,97,"{""placeholder"": true}",TBD,FALSE,2000
,97,"{""placeholder"": true, ""hidden"": true}",TBD,TRUE,2000
,98,"{""placeholder"": true}",TBD,FALSE,2000
,98,"{""placeholder"": true, ""hidden"": true}",TBD,TRUE,2000
,99,"{""placeholder"": true}",TBD,FALSE,2000
,99,"{""placeholder"": true, ""hidden"": true}",TBD,TRUE,2000
,100,"{""placeholder"": true}",TBD,FALSE,2000
,100,"{""placeholder"": true, ""hidden"": true}",TBD,TRUE,2000
,101,"{""arr"": [1, 3, 5, 6, 9], ""target"": 6}",3,FALSE,2000
,101,"{""arr"": [1, 3, 5, 6, 9], ""target"": 4}",-1,TRUE,2000
,102,"{""placeholder"": true}",TBD,FALSE,2000
,102,"{""placeholder"": true, ""hidden"": true}",TBD,TRUE,2000
,103,"{""placeholder"": true}",TBD,FALSE,2000
,103,"{""placeholder"": true, ""hidden"": true}",TBD,TRUE,2000
,104,"{""placeholder"": true}",TBD,FALSE,2000
,104,"{""placeholder"": true, ""hidden"": true}",TBD,TRUE,2000
,105,"{""placeholder"": true}",TBD,FALSE,2000
,105,"{""placeholder"": true, ""hidden"": true}",TBD,TRUE,2000
,106,"{""placeholder"": true}",TBD,FALSE,2000
,106,"{""placeholder"": true, ""hidden"": true}",TBD,TRUE,2000
,107,"{""placeholder"": true}",TBD,FALSE,2000
,107,"{""placeholder"": true, ""hidden"": true}",TBD,TRUE,2000
,108,"{""s"": ""abcabcbb""}",3,FALSE,2000
,108,"{""s"": ""bbbbb""}",1,FALSE,2000
,108,"{""s"": ""pwwkew""}",3,TRUE,2000
,108,"{""s"": """"}",0,TRUE,2000
,109,"{""placeholder"": true}",TBD,FALSE,2000
,109,"{""placeholder"": true, ""hidden"": true}",TBD,TRUE,2000
,110,"{""placeholder"": true}",TBD,FALSE,2000
,110,"{""placeholder"": true, ""hidden"": true}",TBD,TRUE,2000
,111,"{""s"": ""eceba"", ""k"": 2}",3,FALSE,2000
,111,"{""s"": ""aa"", ""k"": 1}",2,TRUE,2000
,112,"{""placeholder"": true}",TBD,FALSE,2000
,112,"{""placeholder"": true, ""hidden"": true}",TBD,TRUE,2000
,113,"{""placeholder"": true}",TBD,FALSE,2000
,113,"{""placeholder"": true, ""hidden"": true}",TBD,TRUE,2000
,114,"{""placeholder"": true}",TBD,FALSE,2000
,114,"{""placeholder"": true, ""hidden"": true}",TBD,TRUE,2000
,115,"{""placeholder"": true}",TBD,FALSE,2000
,115,"{""placeholder"": true, ""hidden"": true}",TBD,TRUE,2000
,116,"{""placeholder"": true}",TBD,FALSE,2000
,116,"{""placeholder"": true, ""hidden"": true}",TBD,TRUE,2000
,117,"{""placeholder"": true}",TBD,FALSE,2000
,117,"{""placeholder"": true, ""hidden"": true}",TBD,TRUE,2000
,118,"{""placeholder"": true}",TBD,FALSE,2000
,118,"{""placeholder"": true, ""hidden"": true}",TBD,TRUE,2000
,119,"{""nums"": [1, 3, 2, 6, -1, 4, 1], ""k"": 3}","[2.0, 3.6667, 2.3333, 3.0, 1.3333]",FALSE,2000
,119,"{""nums"": [5, 5, 5, 5, 5], ""k"": 2}","[5.0, 5.0, 5.0, 5.0]",TRUE,2000
,120,"{""placeholder"": true}",TBD,FALSE,2000
,120,"{""placeholder"": true, ""hidden"": true}",TBD,TRUE,2000
,121,"{""placeholder"": true}",TBD,FALSE,2000
,121,"{""placeholder"": true, ""hidden"": true}",TBD,TRUE,2000
,122,"{""placeholder"": true}",TBD,FALSE,2000
,122,"{""placeholder"": true, ""hidden"": true}",TBD,TRUE,2000
,123,"{""placeholder"": true}",TBD,FALSE,2000
,123,"{""placeholder"": true, ""hidden"": true}",TBD,TRUE,2000
,124,"{""placeholder"": true}",TBD,FALSE,2000
,124,"{""placeholder"": true, ""hidden"": true}",TBD,TRUE,2000
,125,"{""placeholder"": true}",TBD,FALSE,2000
,125,"{""placeholder"": true, ""hidden"": true}",TBD,TRUE,2000
,126,"{""height"": [1, 8, 6, 2, 5, 4, 8, 3, 7]}",49,FALSE,2000
,127,"{""s"": ""A man, a plan, a canal: Panama""}",true,FALSE,2000
,127,"{""s"": ""race a car""}",false,FALSE,2000
,128,"{""placeholder"": true}",TBD,FALSE,2000
,128,"{""placeholder"": true, ""hidden"": true}",TBD,TRUE,2000
,129,"{""placeholder"": true}",TBD,FALSE,2000
,129,"{""placeholder"": true, ""hidden"": true}",TBD,TRUE,2000
,130,"{""placeholder"": true}",TBD,FALSE,2000
,130,"{""placeholder"": true, ""hidden"": true}",TBD,TRUE,2000
,131,"{""placeholder"": true}",TBD,FALSE,2000
,131,"{""placeholder"": true, ""hidden"": true}",TBD,TRUE,2000
,132,"{""placeholder"": true}",TBD,FALSE,2000
,132,"{""placeholder"": true, ""hidden"": true}",TBD,TRUE,2000
,133,"{""placeholder"": true}",TBD,FALSE,2000
,133,"{""placeholder"": true, ""hidden"": true}",TBD,TRUE,2000
,134,"{""s"": ""(([]){})""}",true,FALSE,2000
,134,"{""s"": ""([)]""}",false,FALSE,2000
,134,"{""s"": ""(""}",false,TRUE,2000
,134,"{""s"": ""{[]}()""}",true,TRUE,2000
,135,"{""placeholder"": true}",TBD,FALSE,2000
,135,"{""placeholder"": true, ""hidden"": true}",TBD,TRUE,2000
,136,"{""s"": ""(([]){})""}",true,FALSE,2000
,136,"{""s"": ""([)]""}",false,FALSE,2000
,136,"{""s"": ""(""}",false,TRUE,2000
,136,"{""s"": ""{[]}()""}",true,TRUE,2000
,137,"{""s"": ""(([]){})""}",true,FALSE,2000
,137,"{""s"": ""([)]""}",false,FALSE,2000
,137,"{""s"": ""(""}",false,TRUE,2000
,137,"{""s"": ""{[]}()""}",true,TRUE,2000
,138,"{""placeholder"": true}",TBD,FALSE,2000
,138,"{""placeholder"": true, ""hidden"": true}",TBD,TRUE,2000
,139,"{""placeholder"": true}",TBD,FALSE,2000
,139,"{""placeholder"": true, ""hidden"": true}",TBD,TRUE,2000
,140,"{""placeholder"": true}",TBD,FALSE,2000
,140,"{""placeholder"": true, ""hidden"": true}",TBD,TRUE,2000
,141,"{""placeholder"": true}",TBD,FALSE,2000
,141,"{""placeholder"": true, ""hidden"": true}",TBD,TRUE,2000
,142,"{""placeholder"": true}",TBD,FALSE,2000
,142,"{""placeholder"": true, ""hidden"": true}",TBD,TRUE,2000
,143,"{""placeholder"": true}",TBD,FALSE,2000
,143,"{""placeholder"": true, ""hidden"": true}",TBD,TRUE,2000
,144,"{""placeholder"": true}",TBD,FALSE,2000
,144,"{""placeholder"": true, ""hidden"": true}",TBD,TRUE,2000
,145,"{""placeholder"": true}",TBD,FALSE,2000
,145,"{""placeholder"": true, ""hidden"": true}",TBD,TRUE,2000
,146,"{""placeholder"": true}",TBD,FALSE,2000
,146,"{""placeholder"": true, ""hidden"": true}",TBD,TRUE,2000
,147,"{""placeholder"": true}",TBD,FALSE,2000
,147,"{""placeholder"": true, ""hidden"": true}",TBD,TRUE,2000
,148,"{""placeholder"": true}",TBD,FALSE,2000
,148,"{""placeholder"": true, ""hidden"": true}",TBD,TRUE,2000
,149,"{""placeholder"": true}",TBD,FALSE,2000
,149,"{""placeholder"": true, ""hidden"": true}",TBD,TRUE,2000
,150,"{""placeholder"": true}",TBD,FALSE,2000
,150,"{""placeholder"": true, ""hidden"": true}",TBD,TRUE,2000
,151,"{""s"": ""ADOBECODEBANC"", ""t"": ""ABC""}",BANC,FALSE,2000
,151,"{""s"": ""a"", ""t"": ""aa""}",,TRUE,2000
,152,"{""placeholder"": true}",TBD,FALSE,2000
,152,"{""placeholder"": true, ""hidden"": true}",TBD,TRUE,2000
,153,"{""a"": [1, 2, 2, 1], ""b"": [2, 2]}",2,FALSE,2000
,153,"{""a"": [1, 2, 3], ""b"": [2, 3, 4]}",2 3,TRUE,2000
,154,"{""placeholder"": true}",TBD,FALSE,2000
,154,"{""placeholder"": true, ""hidden"": true}",TBD,TRUE,2000
,155,"{""s"": ""babad""}",bab,FALSE,2000
,155,"{""s"": ""cbbd""}",bb,FALSE,2000
,155,"{""s"": ""a""}",a,TRUE,2000
,156,"{""placeholder"": true}",TBD,FALSE,2000
,156,"{""placeholder"": true, ""hidden"": true}",TBD,TRUE,2000
,157,"{""s"": ""ADOBECODEBANC"", ""t"": ""ABC""}",BANC,FALSE,2000
,157,"{""s"": ""a"", ""t"": ""aa""}",,TRUE,2000
,158,"{""placeholder"": true}",TBD,FALSE,2000
,158,"{""placeholder"": true, ""hidden"": true}",TBD,TRUE,2000
,159,"{""placeholder"": true}",TBD,FALSE,2000
,159,"{""placeholder"": true, ""hidden"": true}",TBD,TRUE,2000
,160,"{""placeholder"": true}",TBD,FALSE,2000
,160,"{""placeholder"": true, ""hidden"": true}",TBD,TRUE,2000
,161,"{""placeholder"": true}",TBD,FALSE,2000
,161,"{""placeholder"": true, ""hidden"": true}",TBD,TRUE,2000
,162,"{""placeholder"": true}",TBD,FALSE,2000
,162,"{""placeholder"": true, ""hidden"": true}",TBD,TRUE,2000
,163,"{""placeholder"": true}",TBD,FALSE,2000
,163,"{""placeholder"": true, ""hidden"": true}",TBD,TRUE,2000
,164,"{""s"": ""ADOBECODEBANC"", ""t"": ""ABC""}",BANC,FALSE,2000
,164,"{""s"": ""a"", ""t"": ""aa""}",,TRUE,2000
,165,"{""placeholder"": true}",TBD,FALSE,2000
,165,"{""placeholder"": true, ""hidden"": true}",TBD,TRUE,2000
,166,"{""placeholder"": true}",TBD,FALSE,2000
,166,"{""placeholder"": true, ""hidden"": true}",TBD,TRUE,2000
,167,"{""placeholder"": true}",TBD,FALSE,2000
,167,"{""placeholder"": true, ""hidden"": true}",TBD,TRUE,2000
,168,"{""placeholder"": true}",TBD,FALSE,2000
,168,"{""placeholder"": true, ""hidden"": true}",TBD,TRUE,2000
,169,"{""s"": ""ADOBECODEBANC"", ""t"": ""ABC""}",BANC,FALSE,2000
,169,"{""s"": ""a"", ""t"": ""aa""}",,TRUE,2000
,170,"{""placeholder"": true}",TBD,FALSE,2000
,170,"{""placeholder"": true, ""hidden"": true}",TBD,TRUE,2000
,171,"{""placeholder"": true}",TBD,FALSE,2000
,171,"{""placeholder"": true, ""hidden"": true}",TBD,TRUE,2000
,172,"{""list"": [1, 2, 3, 4, 5]}",5 4 3 2 1,FALSE,2000
,172,"{""list"": [7]}",7,TRUE,2000
,173,"{""s"": ""abcabcbb""}",3,FALSE,2000
,173,"{""s"": ""bbbbb""}",1,FALSE,2000
,173,"{""s"": ""pwwkew""}",3,TRUE,2000
,173,"{""s"": """"}",0,TRUE,2000
,174,"{""placeholder"": true}",TBD,FALSE,2000
,174,"{""placeholder"": true, ""hidden"": true}",TBD,TRUE,2000
,175,"{""placeholder"": true}",TBD,FALSE,2000
,175,"{""placeholder"": true, ""hidden"": true}",TBD,TRUE,2000
,176,"{""placeholder"": true}",TBD,FALSE,2000
,176,"{""placeholder"": true, ""hidden"": true}",TBD,TRUE,2000
,177,"{""placeholder"": true}",TBD,FALSE,2000
,177,"{""placeholder"": true, ""hidden"": true}",TBD,TRUE,2000
,178,"{""placeholder"": true}",TBD,FALSE,2000
,178,"{""placeholder"": true, ""hidden"": true}",TBD,TRUE,2000
,179,"{""placeholder"": true}",TBD,FALSE,2000
,179,"{""placeholder"": true, ""hidden"": true}",TBD,TRUE,2000
,180,"{""placeholder"": true}",TBD,FALSE,2000
,180,"{""placeholder"": true, ""hidden"": true}",TBD,TRUE,2000
,181,"{""placeholder"": true}",TBD,FALSE,2000
,181,"{""placeholder"": true, ""hidden"": true}",TBD,TRUE,2000
,182,"{""placeholder"": true}",TBD,FALSE,2000
,182,"{""placeholder"": true, ""hidden"": true}",TBD,TRUE,2000
,183,"{""placeholder"": true}",TBD,FALSE,2000
,183,"{""placeholder"": true, ""hidden"": true}",TBD,TRUE,2000
,184,"{""placeholder"": true}",TBD,FALSE,2000
,184,"{""placeholder"": true, ""hidden"": true}",TBD,TRUE,2000
,185,"{""placeholder"": true}",TBD,FALSE,2000
,185,"{""placeholder"": true, ""hidden"": true}",TBD,TRUE,2000
,186,"{""placeholder"": true}",TBD,FALSE,2000
,186,"{""placeholder"": true, ""hidden"": true}",TBD,TRUE,2000
,187,"{""placeholder"": true}",TBD,FALSE,2000
,187,"{""placeholder"": true, ""hidden"": true}",TBD,TRUE,2000
,188,"{""placeholder"": true}",TBD,FALSE,2000
,188,"{""placeholder"": true, ""hidden"": true}",TBD,TRUE,2000
,189,"{""placeholder"": true}",TBD,FALSE,2000
,189,"{""placeholder"": true, ""hidden"": true}",TBD,TRUE,2000
,190,"{""placeholder"": true}",TBD,FALSE,2000
,190,"{""placeholder"": true, ""hidden"": true}",TBD,TRUE,2000
,191,"{""placeholder"": true}",TBD,FALSE,2000
,191,"{""placeholder"": true, ""hidden"": true}",TBD,TRUE,2000
,192,"{""placeholder"": true}",TBD,FALSE,2000
,192,"{""placeholder"": true, ""hidden"": true}",TBD,TRUE,2000
,193,"{""placeholder"": true}",TBD,FALSE,2000
,193,"{""placeholder"": true, ""hidden"": true}",TBD,TRUE,2000
,194,"{""placeholder"": true}",TBD,FALSE,2000
,194,"{""placeholder"": true, ""hidden"": true}",TBD,TRUE,2000
,195,"{""placeholder"": true}",TBD,FALSE,2000
,195,"{""placeholder"": true, ""hidden"": true}",TBD,TRUE,2000
,196,"{""nums"": [2, 7, 11, 15, 1, 8], ""target"": 9}",0 1,FALSE,2000
,196,"{""nums"": [3, 2, 4, 6], ""target"": 6}",1 2,FALSE,2000
,196,"{""nums"": [3, 3], ""target"": 6}",0 1,TRUE,2000
,197,"{""placeholder"": true}",TBD,FALSE,2000
,197,"{""placeholder"": true, ""hidden"": true}",TBD,TRUE,2000
,198,"{""placeholder"": true}",TBD,FALSE,2000
,198,"{""placeholder"": true, ""hidden"": true}",TBD,TRUE,2000
,199,"{""placeholder"": true}",TBD,FALSE,2000
,199,"{""placeholder"": true, ""hidden"": true}",TBD,TRUE,2000
,200,"{""placeholder"": true}",TBD,FALSE,2000
,200,"{""placeholder"": true, ""hidden"": true}",TBD,TRUE,2000
,201,"{""placeholder"": true}",TBD,FALSE,2000
,201,"{""placeholder"": true, ""hidden"": true}",TBD,TRUE,2000
,202,"{""placeholder"": true}",TBD,FALSE,2000
,202,"{""placeholder"": true, ""hidden"": true}",TBD,TRUE,2000
,203,"{""placeholder"": true}",TBD,FALSE,2000
,203,"{""placeholder"": true, ""hidden"": true}",TBD,TRUE,2000
,204,"{""placeholder"": true}",TBD,FALSE,2000
,204,"{""placeholder"": true, ""hidden"": true}",TBD,TRUE,2000
,205,"{""placeholder"": true}",TBD,FALSE,2000
,205,"{""placeholder"": true, ""hidden"": true}",TBD,TRUE,2000
,206,"{""placeholder"": true}",TBD,FALSE,2000
,206,"{""placeholder"": true, ""hidden"": true}",TBD,TRUE,2000
,207,"{""placeholder"": true}",TBD,FALSE,2000
,207,"{""placeholder"": true, ""hidden"": true}",TBD,TRUE,2000
,208,"{""placeholder"": true}",TBD,FALSE,2000
,208,"{""placeholder"": true, ""hidden"": true}",TBD,TRUE,2000
,209,"{""placeholder"": true}",TBD,FALSE,2000
,209,"{""placeholder"": true, ""hidden"": true}",TBD,TRUE,2000
,210,"{""placeholder"": true}",TBD,FALSE,2000
,210,"{""placeholder"": true, ""hidden"": true}",TBD,TRUE,2000
,211,"{""placeholder"": true}",TBD,FALSE,2000
,211,"{""placeholder"": true, ""hidden"": true}",TBD,TRUE,2000
,212,"{""placeholder"": true}",TBD,FALSE,2000
,212,"{""placeholder"": true, ""hidden"": true}",TBD,TRUE,2000
,213,"{""nums"": [1, 1, 2, 2, 3]}",3,FALSE,2000
,213,"{""nums"": [0, 0, 1, 1, 1, 2]}",4,FALSE,2000
,213,"{""nums"": [5]}",1,TRUE,2000
,214,"{""placeholder"": true}",TBD,FALSE,2000
,214,"{""placeholder"": true, ""hidden"": true}",TBD,TRUE,2000
,215,"{""placeholder"": true}",TBD,FALSE,2000
,215,"{""placeholder"": true, ""hidden"": true}",TBD,TRUE,2000
,216,"{""nums"": [1, 2, 3, 1]}",2,FALSE,2000
,216,"{""nums"": [1, 2, 1, 3, 5, 6, 4, 2]}",5,FALSE,2000
,216,"{""nums"": [5]}",0,TRUE,2000
,217,"{""placeholder"": true}",TBD,FALSE,2000
,217,"{""placeholder"": true, ""hidden"": true}",TBD,TRUE,2000
,218,"{""placeholder"": true}",TBD,FALSE,2000
,218,"{""placeholder"": true, ""hidden"": true}",TBD,TRUE,2000
,219,"{""placeholder"": true}",TBD,FALSE,2000
,219,"{""placeholder"": true, ""hidden"": true}",TBD,TRUE,2000
,220,"{""placeholder"": true}",TBD,FALSE,2000
,220,"{""placeholder"": true, ""hidden"": true}",TBD,TRUE,2000
,221,"{""placeholder"": true}",TBD,FALSE,2000
,221,"{""placeholder"": true, ""hidden"": true}",TBD,TRUE,2000
,222,"{""placeholder"": true}",TBD,FALSE,2000
,222,"{""placeholder"": true, ""hidden"": true}",TBD,TRUE,2000
,223,"{""placeholder"": true}",TBD,FALSE,2000
,223,"{""placeholder"": true, ""hidden"": true}",TBD,TRUE,2000
,224,"{""s"": ""A man, a plan, a canal: Panama""}",true,FALSE,2000
,224,"{""s"": ""race a car""}",false,FALSE,2000
,225,"{""placeholder"": true}",TBD,FALSE,2000
,225,"{""placeholder"": true, ""hidden"": true}",TBD,TRUE,2000
,226,"{""placeholder"": true}",TBD,FALSE,2000
,226,"{""placeholder"": true, ""hidden"": true}",TBD,TRUE,2000
,227,"{""nums"": [2, 7, 11, 15, 1, 8], ""target"": 9}",0 1,FALSE,2000
,227,"{""nums"": [3, 2, 4, 6], ""target"": 6}",1 2,FALSE,2000
,227,"{""nums"": [3, 3], ""target"": 6}",0 1,TRUE,2000
,228,"{""placeholder"": true}",TBD,FALSE,2000
,228,"{""placeholder"": true, ""hidden"": true}",TBD,TRUE,2000
,229,"{""placeholder"": true}",TBD,FALSE,2000
,229,"{""placeholder"": true, ""hidden"": true}",TBD,TRUE,2000
,230,"{""placeholder"": true}",TBD,FALSE,2000
,230,"{""placeholder"": true, ""hidden"": true}",TBD,TRUE,2000
,231,"{""placeholder"": true}",TBD,FALSE,2000
,231,"{""placeholder"": true, ""hidden"": true}",TBD,TRUE,2000
,232,"{""n"": 19}",true,FALSE,2000
,232,"{""n"": 2}",false,TRUE,2000
,233,"{""placeholder"": true}",TBD,FALSE,2000
,233,"{""placeholder"": true, ""hidden"": true}",TBD,TRUE,2000
,234,"{""placeholder"": true}",TBD,FALSE,2000
,234,"{""placeholder"": true, ""hidden"": true}",TBD,TRUE,2000
,235,"{""placeholder"": true}",TBD,FALSE,2000
,235,"{""placeholder"": true, ""hidden"": true}",TBD,TRUE,2000
,236,"{""placeholder"": true}",TBD,FALSE,2000
,236,"{""placeholder"": true, ""hidden"": true}",TBD,TRUE,2000
,237,"{""s"": ""(([]){})""}",true,FALSE,2000
,237,"{""s"": ""([)]""}",false,FALSE,2000
,237,"{""s"": ""(""}",false,TRUE,2000
,237,"{""s"": ""{[]}()""}",true,TRUE,2000
,238,"{""placeholder"": true}",TBD,FALSE,2000
,238,"{""placeholder"": true, ""hidden"": true}",TBD,TRUE,2000
,239,"{""placeholder"": true}",TBD,FALSE,2000
,239,"{""placeholder"": true, ""hidden"": true}",TBD,TRUE,2000
,240,"{""placeholder"": true}",TBD,FALSE,2000
,240,"{""placeholder"": true, ""hidden"": true}",TBD,TRUE,2000
,241,"{""placeholder"": true}",TBD,FALSE,2000
,241,"{""placeholder"": true, ""hidden"": true}",TBD,TRUE,2000
,242,"{""placeholder"": true}",TBD,FALSE,2000
,242,"{""placeholder"": true, ""hidden"": true}",TBD,TRUE,2000
,243,"{""placeholder"": true}",TBD,FALSE,2000
,243,"{""placeholder"": true, ""hidden"": true}",TBD,TRUE,2000
,244,"{""placeholder"": true}",TBD,FALSE,2000
,244,"{""placeholder"": true, ""hidden"": true}",TBD,TRUE,2000
,245,"{""placeholder"": true}",TBD,FALSE,2000
,245,"{""placeholder"": true, ""hidden"": true}",TBD,TRUE,2000
,246,"{""arr"": [1, 3, 5, 6], ""target"": 5}",2,FALSE,2000
,246,"{""arr"": [1, 3, 5, 6], ""target"": 2}",1,FALSE,2000
,246,"{""arr"": [1, 3, 5, 6], ""target"": 7}",4,TRUE,2000
,246,"{""arr"": [1], ""target"": 0}",0,TRUE,2000
,247,"{""placeholder"": true}",TBD,FALSE,2000
,247,"{""placeholder"": true, ""hidden"": true}",TBD,TRUE,2000
,248,"{""nums"": [2, 0, 2, 1, 1, 0]}",0 0 1 1 2 2,FALSE,2000
,249,"{""placeholder"": true}",TBD,FALSE,2000
,249,"{""placeholder"": true, ""hidden"": true}",TBD,TRUE,2000
,250,"{""placeholder"": true}",TBD,FALSE,2000
,250,"{""placeholder"": true, ""hidden"": true}",TBD,TRUE,2000
,251,"{""placeholder"": true}",TBD,FALSE,2000
,251,"{""placeholder"": true, ""hidden"": true}",TBD,TRUE,2000
,252,"{""placeholder"": true}",TBD,FALSE,2000
,252,"{""placeholder"": true, ""hidden"": true}",TBD,TRUE,2000
,253,"{""placeholder"": true}",TBD,FALSE,2000
,253,"{""placeholder"": true, ""hidden"": true}",TBD,TRUE,2000
,254,"{""placeholder"": true}",TBD,FALSE,2000
,254,"{""placeholder"": true, ""hidden"": true}",TBD,TRUE,2000
,255,"{""placeholder"": true}",TBD,FALSE,2000
,255,"{""placeholder"": true, ""hidden"": true}",TBD,TRUE,2000
,256,"{""placeholder"": true}",TBD,FALSE,2000
,256,"{""placeholder"": true, ""hidden"": true}",TBD,TRUE,2000
,257,"{""placeholder"": true}",TBD,FALSE,2000
,257,"{""placeholder"": true, ""hidden"": true}",TBD,TRUE,2000
,258,"{""nums"": [1, 2, 3, 4]}",24 12 8 6,FALSE,2000
,258,"{""nums"": [0, 0, 2, 3, 4]}",0 0 0 0 0,TRUE,2000
,259,"{""placeholder"": true}",TBD,FALSE,2000
,259,"{""placeholder"": true, ""hidden"": true}",TBD,TRUE,2000
,260,"{""arr"": [1, 3, 5, 6, 9], ""target"": 6}",3,FALSE,2000
,260,"{""arr"": [1, 3, 5, 6, 9], ""target"": 4}",-1,TRUE,2000
,261,"{""placeholder"": true}",TBD,FALSE,2000
,261,"{""placeholder"": true, ""hidden"": true}",TBD,TRUE,2000
,262,"{""placeholder"": true}",TBD,FALSE,2000
,262,"{""placeholder"": true, ""hidden"": true}",TBD,TRUE,2000
,263,"{""placeholder"": true}",TBD,FALSE,2000
,263,"{""placeholder"": true, ""hidden"": true}",TBD,TRUE,2000
,264,"{""placeholder"": true}",TBD,FALSE,2000
,264,"{""placeholder"": true, ""hidden"": true}",TBD,TRUE,2000
,265,"{""placeholder"": true}",TBD,FALSE,2000
,265,"{""placeholder"": true, ""hidden"": true}",TBD,TRUE,2000
,266,"{""placeholder"": true}",TBD,FALSE,2000
,266,"{""placeholder"": true, ""hidden"": true}",TBD,TRUE,2000
,267,"{""placeholder"": true}",TBD,FALSE,2000
,267,"{""placeholder"": true, ""hidden"": true}",TBD,TRUE,2000
,268,"{""placeholder"": true}",TBD,FALSE,2000
,268,"{""placeholder"": true, ""hidden"": true}",TBD,TRUE,2000
,269,"{""placeholder"": true}",TBD,FALSE,2000
,269,"{""placeholder"": true, ""hidden"": true}",TBD,TRUE,2000
,270,"{""placeholder"": true}",TBD,FALSE,2000
,270,"{""placeholder"": true, ""hidden"": true}",TBD,TRUE,2000
,271,"{""n"": 10, ""pick"": 6}",6,FALSE,2000
,271,"{""n"": 1, ""pick"": 1}",1,TRUE,2000
,272,"{""placeholder"": true}",TBD,FALSE,2000
,272,"{""placeholder"": true, ""hidden"": true}",TBD,TRUE,2000
,273,"{""placeholder"": true}",TBD,FALSE,2000
,273,"{""placeholder"": true, ""hidden"": true}",TBD,TRUE,2000
,274,"{""placeholder"": true}",TBD,FALSE,2000
,274,"{""placeholder"": true, ""hidden"": true}",TBD,TRUE,2000
,275,"{""s"": ""(([]){})""}",true,FALSE,2000
,275,"{""s"": ""([)]""}",false,FALSE,2000
,275,"{""s"": ""(""}",false,TRUE,2000
,275,"{""s"": ""{[]}()""}",true,TRUE,2000
,276,"{""s"": ""ADOBECODEBANC"", ""t"": ""ABC""}",BANC,FALSE,2000
,276,"{""s"": ""a"", ""t"": ""aa""}",,TRUE,2000
,277,"{""s"": ""abcabcbb""}",3,FALSE,2000
,277,"{""s"": ""bbbbb""}",1,FALSE,2000
,277,"{""s"": ""pwwkew""}",3,TRUE,2000
,277,"{""s"": """"}",0,TRUE,2000
,278,"{""list"": [1, 2, 3, 4, 5]}",5 4 3 2 1,FALSE,2000
,278,"{""list"": [7]}",7,TRUE,2000
,279,"{""placeholder"": true}",TBD,FALSE,2000
,279,"{""placeholder"": true, ""hidden"": true}",TBD,TRUE,2000
,280,"{""placeholder"": true}",TBD,FALSE,2000
,280,"{""placeholder"": true, ""hidden"": true}",TBD,TRUE,2000
,281,"{""placeholder"": true}",TBD,FALSE,2000
,281,"{""placeholder"": true, ""hidden"": true}",TBD,TRUE,2000
,282,"{""placeholder"": true}",TBD,FALSE,2000
,282,"{""placeholder"": true, ""hidden"": true}",TBD,TRUE,2000
,283,"{""placeholder"": true}",TBD,FALSE,2000
,283,"{""placeholder"": true, ""hidden"": true}",TBD,TRUE,2000
,284,"{""list"": [1, 2, 3, 4, 5]}",5 4 3 2 1,FALSE,2000
,284,"{""list"": [7]}",7,TRUE,2000
,285,"{""placeholder"": true}",TBD,FALSE,2000
,285,"{""placeholder"": true, ""hidden"": true}",TBD,TRUE,2000
,286,"{""placeholder"": true}",TBD,FALSE,2000
,286,"{""placeholder"": true, ""hidden"": true}",TBD,TRUE,2000
,287,"{""placeholder"": true}",TBD,FALSE,2000
,287,"{""placeholder"": true, ""hidden"": true}",TBD,TRUE,2000
,288,"{""placeholder"": true}",TBD,FALSE,2000
,288,"{""placeholder"": true, ""hidden"": true}",TBD,TRUE,2000
,289,"{""placeholder"": true}",TBD,FALSE,2000
,289,"{""placeholder"": true, ""hidden"": true}",TBD,TRUE,2000
,290,"{""nums"": [2, 7, 11, 15, 1, 8], ""target"": 9}",0 1,FALSE,2000
,290,"{""nums"": [3, 2, 4, 6], ""target"": 6}",1 2,FALSE,2000
,290,"{""nums"": [3, 3], ""target"": 6}",0 1,TRUE,2000
,291,"{""placeholder"": true}",TBD,FALSE,2000
,291,"{""placeholder"": true, ""hidden"": true}",TBD,TRUE,2000
,292,"{""placeholder"": true}",TBD,FALSE,2000
,292,"{""placeholder"": true, ""hidden"": true}",TBD,TRUE,2000
,293,"{""placeholder"": true}",TBD,FALSE,2000
,293,"{""placeholder"": true, ""hidden"": true}",TBD,TRUE,2000
,294,"{""placeholder"": true}",TBD,FALSE,2000
,294,"{""placeholder"": true, ""hidden"": true}",TBD,TRUE,2000
,295,"{""placeholder"": true}",TBD,FALSE,2000
,295,"{""placeholder"": true, ""hidden"": true}",TBD,TRUE,2000
,296,"{""placeholder"": true}",TBD,FALSE,2000
,296,"{""placeholder"": true, ""hidden"": true}",TBD,TRUE,2000
,297,"{""placeholder"": true}",TBD,FALSE,2000
,297,"{""placeholder"": true, ""hidden"": true}",TBD,TRUE,2000
,298,"{""placeholder"": true}",TBD,FALSE,2000
,298,"{""placeholder"": true, ""hidden"": true}",TBD,TRUE,2000
,299,"{""nums"": [2, 1, 2, 4]}",3 -1 3 -1,FALSE,2000
,299,"{""nums"": [1, 2, 3, 4, 3]}",1 1 1 -1 -1,TRUE,2000
,300,"{""placeholder"": true}",TBD,FALSE,2000
,300,"{""placeholder"": true, ""hidden"": true}",TBD,TRUE,2000
,301,"{""placeholder"": true}",TBD,FALSE,2000
,301,"{""placeholder"": true, ""hidden"": true}",TBD,TRUE,2000
,302,"{""placeholder"": true}",TBD,FALSE,2000
,302,"{""placeholder"": true, ""hidden"": true}",TBD,TRUE,2000
,303,"{""placeholder"": true}",TBD,FALSE,2000
,303,"{""placeholder"": true, ""hidden"": true}",TBD,TRUE,2000
,304,"{""s"": ""ADOBECODEBANC"", ""t"": ""ABC""}",BANC,FALSE,2000
,304,"{""s"": ""a"", ""t"": ""aa""}",,TRUE,2000
,305,"{""placeholder"": true}",TBD,FALSE,2000
,305,"{""placeholder"": true, ""hidden"": true}",TBD,TRUE,2000
,306,"{""placeholder"": true}",TBD,FALSE,2000
,306,"{""placeholder"": true, ""hidden"": true}",TBD,TRUE,2000
,307,"{""placeholder"": true}",TBD,FALSE,2000
,307,"{""placeholder"": true, ""hidden"": true}",TBD,TRUE,2000
,308,"{""placeholder"": true}",TBD,FALSE,2000
,308,"{""placeholder"": true, ""hidden"": true}",TBD,TRUE,2000
,309,"{""placeholder"": true}",TBD,FALSE,2000
,309,"{""placeholder"": true, ""hidden"": true}",TBD,TRUE,2000
,310,"{""placeholder"": true}",TBD,FALSE,2000
,310,"{""placeholder"": true, ""hidden"": true}",TBD,TRUE,2000
,311,"{""nums"": [0, 1, 0, 3, 12]}",1 3 12 0 0,FALSE,2000
,311,"{""nums"": [0, 0, 0, 1]}",1 0 0 0,TRUE,2000
,312,"{""s"": ""ADOBECODEBANC"", ""t"": ""ABC""}",BANC,FALSE,2000
,312,"{""s"": ""a"", ""t"": ""aa""}",,TRUE,2000
,313,"{""placeholder"": true}",TBD,FALSE,2000
,313,"{""placeholder"": true, ""hidden"": true}",TBD,TRUE,2000
,314,"{""s"": ""anagram"", ""t"": ""nagaram""}",true,FALSE,2000
,314,"{""s"": ""rat"", ""t"": ""car""}",false,FALSE,2000
,314,"{""s"": ""a"", ""t"": ""a""}",true,TRUE,2000
,315,"{""n"": 5, ""first_bad"": 3}",3,FALSE,2000
,315,"{""n"": 1, ""first_bad"": 1}",1,TRUE,2000
,316,"{""nums"": [1, 2, 3, 4]}",24 12 8 6,FALSE,2000
,316,"{""nums"": [0, 0, 2, 3, 4]}",0 0 0 0 0,TRUE,2000
,317,"{""placeholder"": true}",TBD,FALSE,2000
,317,"{""placeholder"": true, ""hidden"": true}",TBD,TRUE,2000
,318,"{""placeholder"": true}",TBD,FALSE,2000
,318,"{""placeholder"": true, ""hidden"": true}",TBD,TRUE,2000
,319,"{""placeholder"": true}",TBD,FALSE,2000
,319,"{""placeholder"": true, ""hidden"": true}",TBD,TRUE,2000
,320,"{""placeholder"": true}",TBD,FALSE,2000
,320,"{""placeholder"": true, ""hidden"": true}",TBD,TRUE,2000
,321,"{""placeholder"": true}",TBD,FALSE,2000
,321,"{""placeholder"": true, ""hidden"": true}",TBD,TRUE,2000
,322,"{""nums"": [0, 1, 0, 3, 12]}",1 3 12 0 0,FALSE,2000
,322,"{""nums"": [0, 0, 0, 1]}",1 0 0 0,TRUE,2000
,323,"{""placeholder"": true}",TBD,FALSE,2000
,323,"{""placeholder"": true, ""hidden"": true}",TBD,TRUE,2000
,324,"{""placeholder"": true}",TBD,FALSE,2000
,324,"{""placeholder"": true, ""hidden"": true}",TBD,TRUE,2000
,325,"{""nums"": [0, 1, 0, 3, 12]}",1 3 12 0 0,FALSE,2000
,325,"{""nums"": [0, 0, 0, 1]}",1 0 0 0,TRUE,2000
,326,"{""placeholder"": true}",TBD,FALSE,2000
,326,"{""placeholder"": true, ""hidden"": true}",TBD,TRUE,2000
,327,"{""placeholder"": true}",TBD,FALSE,2000
,327,"{""placeholder"": true, ""hidden"": true}",TBD,TRUE,2000
,328,"{""placeholder"": true}",TBD,FALSE,2000
,328,"{""placeholder"": true, ""hidden"": true}",TBD,TRUE,2000
,329,"{""placeholder"": true}",TBD,FALSE,2000
,329,"{""placeholder"": true, ""hidden"": true}",TBD,TRUE,2000
,330,"{""placeholder"": true}",TBD,FALSE,2000
,330,"{""placeholder"": true, ""hidden"": true}",TBD,TRUE,2000
,331,"{""placeholder"": true}",TBD,FALSE,2000
,331,"{""placeholder"": true, ""hidden"": true}",TBD,TRUE,2000
,332,"{""s"": ""ADOBECODEBANC"", ""t"": ""ABC""}",BANC,FALSE,2000
,332,"{""s"": ""a"", ""t"": ""aa""}",,TRUE,2000
,333,"{""placeholder"": true}",TBD,FALSE,2000
,333,"{""placeholder"": true, ""hidden"": true}",TBD,TRUE,2000
,334,"{""placeholder"": true}",TBD,FALSE,2000
,334,"{""placeholder"": true, ""hidden"": true}",TBD,TRUE,2000
,335,"{""placeholder"": true}",TBD,FALSE,2000
,335,"{""placeholder"": true, ""hidden"": true}",TBD,TRUE,2000
,336,"{""placeholder"": true}",TBD,FALSE,2000
,336,"{""placeholder"": true, ""hidden"": true}",TBD,TRUE,2000
,337,"{""s"": ""eceba"", ""k"": 2}",3,FALSE,2000
,337,"{""s"": ""aa"", ""k"": 1}",2,TRUE,2000
,338,"{""placeholder"": true}",TBD,FALSE,2000
,338,"{""placeholder"": true, ""hidden"": true}",TBD,TRUE,2000
,339,"{""placeholder"": true}",TBD,FALSE,2000
,339,"{""placeholder"": true, ""hidden"": true}",TBD,TRUE,2000
,340,"{""s"": ""eceba"", ""k"": 2}",3,FALSE,2000
,340,"{""s"": ""aa"", ""k"": 1}",2,TRUE,2000
,341,"{""placeholder"": true}",TBD,FALSE,2000
,341,"{""placeholder"": true, ""hidden"": true}",TBD,TRUE,2000
,342,"{""placeholder"": true}",TBD,FALSE,2000
,342,"{""placeholder"": true, ""hidden"": true}",TBD,TRUE,2000
,343,"{""placeholder"": true}",TBD,FALSE,2000
,343,"{""placeholder"": true, ""hidden"": true}",TBD,TRUE,2000
,344,"{""placeholder"": true}",TBD,FALSE,2000
,344,"{""placeholder"": true, ""hidden"": true}",TBD,TRUE,2000
,345,"{""placeholder"": true}",TBD,FALSE,2000
,345,"{""placeholder"": true, ""hidden"": true}",TBD,TRUE,2000
,346,"{""placeholder"": true}",TBD,FALSE,2000
,346,"{""placeholder"": true, ""hidden"": true}",TBD,TRUE,2000
,347,"{""placeholder"": true}",TBD,FALSE,2000
,347,"{""placeholder"": true, ""hidden"": true}",TBD,TRUE,2000
,348,"{""placeholder"": true}",TBD,FALSE,2000
,348,"{""placeholder"": true, ""hidden"": true}",TBD,TRUE,2000
,349,"{""placeholder"": true}",TBD,FALSE,2000
,349,"{""placeholder"": true, ""hidden"": true}",TBD,TRUE,2000
,350,"{""placeholder"": true}",TBD,FALSE,2000
,350,"{""placeholder"": true, ""hidden"": true}",TBD,TRUE,2000
,351,"{""placeholder"": true}",TBD,FALSE,2000
,351,"{""placeholder"": true, ""hidden"": true}",TBD,TRUE,2000
,352,"{""placeholder"": true}",TBD,FALSE,2000
,352,"{""placeholder"": true, ""hidden"": true}",TBD,TRUE,2000
,353,"{""placeholder"": true}",TBD,FALSE,2000
,353,"{""placeholder"": true, ""hidden"": true}",TBD,TRUE,2000
,354,"{""placeholder"": true}",TBD,FALSE,2000
,354,"{""placeholder"": true, ""hidden"": true}",TBD,TRUE,2000
,355,"{""placeholder"": true}",TBD,FALSE,2000
,355,"{""placeholder"": true, ""hidden"": true}",TBD,TRUE,2000
,356,"{""placeholder"": true}",TBD,FALSE,2000
,356,"{""placeholder"": true, ""hidden"": true}",TBD,TRUE,2000
,357,"{""placeholder"": true}",TBD,FALSE,2000
,357,"{""placeholder"": true, ""hidden"": true}",TBD,TRUE,2000
,358,"{""placeholder"": true}",TBD,FALSE,2000
,358,"{""placeholder"": true, ""hidden"": true}",TBD,TRUE,2000
,359,"{""nums"": [2, 1, 2, 4]}",3 -1 3 -1,FALSE,2000
,359,"{""nums"": [1, 2, 3, 4, 3]}",1 1 1 -1 -1,TRUE,2000
,360,"{""placeholder"": true}",TBD,FALSE,2000
,360,"{""placeholder"": true, ""hidden"": true}",TBD,TRUE,2000
,361,"{""placeholder"": true}",TBD,FALSE,2000
,361,"{""placeholder"": true, ""hidden"": true}",TBD,TRUE,2000
,362,"{""placeholder"": true}",TBD,FALSE,2000
,362,"{""placeholder"": true, ""hidden"": true}",TBD,TRUE,2000
,363,"{""placeholder"": true}",TBD,FALSE,2000
,363,"{""placeholder"": true, ""hidden"": true}",TBD,TRUE,2000
,364,"{""placeholder"": true}",TBD,FALSE,2000
,364,"{""placeholder"": true, ""hidden"": true}",TBD,TRUE,2000
,365,"{""s"": ""ADOBECODEBANC"", ""t"": ""ABC""}",BANC,FALSE,2000
,365,"{""s"": ""a"", ""t"": ""aa""}",,TRUE,2000
,366,"{""s"": ""abbaca""}",ca,FALSE,2000
,366,"{""s"": ""azxxzy""}",ay,TRUE,2000
,367,"{""note"": ""a"", ""magazine"": ""b""}",false,FALSE,2000
,367,"{""note"": ""aa"", ""magazine"": ""ab""}",false,FALSE,2000
,367,"{""note"": ""aa"", ""magazine"": ""aba""}",true,TRUE,2000
,368,"{""placeholder"": true}",TBD,FALSE,2000
,368,"{""placeholder"": true, ""hidden"": true}",TBD,TRUE,2000
,369,"{""nums"": [2, 0, 2, 1, 1, 0]}",0 0 1 1 2 2,FALSE,2000
,370,"{""s"": ""abbaca""}",ca,FALSE,2000
,370,"{""s"": ""azxxzy""}",ay,TRUE,2000
,371,"{""placeholder"": true}",TBD,FALSE,2000
,371,"{""placeholder"": true, ""hidden"": true}",TBD,TRUE,2000
,372,"{""placeholder"": true}",TBD,FALSE,2000
,372,"{""placeholder"": true, ""hidden"": true}",TBD,TRUE,2000
,373,"{""placeholder"": true}",TBD,FALSE,2000
,373,"{""placeholder"": true, ""hidden"": true}",TBD,TRUE,2000
,374,"{""placeholder"": true}",TBD,FALSE,2000
,374,"{""placeholder"": true, ""hidden"": true}",TBD,TRUE,2000
,375,"{""placeholder"": true}",TBD,FALSE,2000
,375,"{""placeholder"": true, ""hidden"": true}",TBD,TRUE,2000
,376,"{""placeholder"": true}",TBD,FALSE,2000
,376,"{""placeholder"": true, ""hidden"": true}",TBD,TRUE,2000
,377,"{""placeholder"": true}",TBD,FALSE,2000
,377,"{""placeholder"": true, ""hidden"": true}",TBD,TRUE,2000
,378,"{""placeholder"": true}",TBD,FALSE,2000
,378,"{""placeholder"": true, ""hidden"": true}",TBD,TRUE,2000
,379,"{""placeholder"": true}",TBD,FALSE,2000
,379,"{""placeholder"": true, ""hidden"": true}",TBD,TRUE,2000
,380,"{""placeholder"": true}",TBD,FALSE,2000
,380,"{""placeholder"": true, ""hidden"": true}",TBD,TRUE,2000
,381,"{""placeholder"": true}",TBD,FALSE,2000
,381,"{""placeholder"": true, ""hidden"": true}",TBD,TRUE,2000
,382,"{""placeholder"": true}",TBD,FALSE,2000
,382,"{""placeholder"": true, ""hidden"": true}",TBD,TRUE,2000
,383,"{""placeholder"": true}",TBD,FALSE,2000
,383,"{""placeholder"": true, ""hidden"": true}",TBD,TRUE,2000
,384,"{""s"": ""babad""}",bab,FALSE,2000
,384,"{""s"": ""cbbd""}",bb,FALSE,2000
,384,"{""s"": ""a""}",a,TRUE,2000
,385,"{""placeholder"": true}",TBD,FALSE,2000
,385,"{""placeholder"": true, ""hidden"": true}",TBD,TRUE,2000
,386,"{""placeholder"": true}",TBD,FALSE,2000
,386,"{""placeholder"": true, ""hidden"": true}",TBD,TRUE,2000
,387,"{""placeholder"": true}",TBD,FALSE,2000
,387,"{""placeholder"": true, ""hidden"": true}",TBD,TRUE,2000
,388,"{""placeholder"": true}",TBD,FALSE,2000
,388,"{""placeholder"": true, ""hidden"": true}",TBD,TRUE,2000
,389,"{""n"": 5, ""first_bad"": 3}",3,FALSE,2000
,389,"{""n"": 1, ""first_bad"": 1}",1,TRUE,2000
,390,"{""placeholder"": true}",TBD,FALSE,2000
,390,"{""placeholder"": true, ""hidden"": true}",TBD,TRUE,2000
,391,"{""n"": 10, ""pick"": 6}",6,FALSE,2000
,391,"{""n"": 1, ""pick"": 1}",1,TRUE,2000
,392,"{""placeholder"": true}",TBD,FALSE,2000
,392,"{""placeholder"": true, ""hidden"": true}",TBD,TRUE,2000
,393,"{""placeholder"": true}",TBD,FALSE,2000
,393,"{""placeholder"": true, ""hidden"": true}",TBD,TRUE,2000
,394,"{""placeholder"": true}",TBD,FALSE,2000
,394,"{""placeholder"": true, ""hidden"": true}",TBD,TRUE,2000
,395,"{""placeholder"": true}",TBD,FALSE,2000
,395,"{""placeholder"": true, ""hidden"": true}",TBD,TRUE,2000
,396,"{""s"": ""ADOBECODEBANC"", ""t"": ""ABC""}",BANC,FALSE,2000
,396,"{""s"": ""a"", ""t"": ""aa""}",,TRUE,2000
,397,"{""placeholder"": true}",TBD,FALSE,2000
,397,"{""placeholder"": true, ""hidden"": true}",TBD,TRUE,2000
,398,"{""placeholder"": true}",TBD,FALSE,2000
,398,"{""placeholder"": true, ""hidden"": true}",TBD,TRUE,2000
,399,"{""placeholder"": true}",TBD,FALSE,2000
,399,"{""placeholder"": true, ""hidden"": true}",TBD,TRUE,2000
,400,"{""nums"": [1, 3, -1, -3, 5, 3, 6, 7], ""k"": 3}","[3, 3, 5, 5, 6, 7]",FALSE,2000
,401,"{""placeholder"": true}",TBD,FALSE,2000
,401,"{""placeholder"": true, ""hidden"": true}",TBD,TRUE,2000
,402,"{""placeholder"": true}",TBD,FALSE,2000
,402,"{""placeholder"": true, ""hidden"": true}",TBD,TRUE,2000
,403,"{""placeholder"": true}",TBD,FALSE,2000
,403,"{""placeholder"": true, ""hidden"": true}",TBD,TRUE,2000
,404,"{""placeholder"": true}",TBD,FALSE,2000
,404,"{""placeholder"": true, ""hidden"": true}",TBD,TRUE,2000
,405,"{""placeholder"": true}",TBD,FALSE,2000
,405,"{""placeholder"": true, ""hidden"": true}",TBD,TRUE,2000
,406,"{""s"": ""abbaca""}",ca,FALSE,2000
,406,"{""s"": ""azxxzy""}",ay,TRUE,2000
,407,"{""placeholder"": true}",TBD,FALSE,2000
,407,"{""placeholder"": true, ""hidden"": true}",TBD,TRUE,2000
,408,"{""placeholder"": true}",TBD,FALSE,2000
,408,"{""placeholder"": true, ""hidden"": true}",TBD,TRUE,2000
,409,"{""placeholder"": true}",TBD,FALSE,2000
,409,"{""placeholder"": true, ""hidden"": true}",TBD,TRUE,2000
,410,"{""placeholder"": true}",TBD,FALSE,2000
,410,"{""placeholder"": true, ""hidden"": true}",TBD,TRUE,2000
,411,"{""placeholder"": true}",TBD,FALSE,2000
,411,"{""placeholder"": true, ""hidden"": true}",TBD,TRUE,2000
,412,"{""placeholder"": true}",TBD,FALSE,2000
,412,"{""placeholder"": true, ""hidden"": true}",TBD,TRUE,2000
,413,"{""height"": [1, 8, 6, 2, 5, 4, 8, 3, 7]}",49,FALSE,2000
,414,"{""placeholder"": true}",TBD,FALSE,2000
,414,"{""placeholder"": true, ""hidden"": true}",TBD,TRUE,2000
,415,"{""placeholder"": true}",TBD,FALSE,2000
,415,"{""placeholder"": true, ""hidden"": true}",TBD,TRUE,2000
,416,"{""placeholder"": true}",TBD,FALSE,2000
,416,"{""placeholder"": true, ""hidden"": true}",TBD,TRUE,2000
,417,"{""placeholder"": true}",TBD,FALSE,2000
,417,"{""placeholder"": true, ""hidden"": true}",TBD,TRUE,2000
,418,"{""placeholder"": true}",TBD,FALSE,2000
,418,"{""placeholder"": true, ""hidden"": true}",TBD,TRUE,2000
,419,"{""placeholder"": true}",TBD,FALSE,2000
,419,"{""placeholder"": true, ""hidden"": true}",TBD,TRUE,2000
,420,"{""placeholder"": true}",TBD,FALSE,2000
,420,"{""placeholder"": true, ""hidden"": true}",TBD,TRUE,2000
,421,"{""placeholder"": true}",TBD,FALSE,2000
,421,"{""placeholder"": true, ""hidden"": true}",TBD,TRUE,2000
,422,"{""placeholder"": true}",TBD,FALSE,2000
,422,"{""placeholder"": true, ""hidden"": true}",TBD,TRUE,2000
,423,"{""s"": ""ADOBECODEBANC"", ""t"": ""ABC""}",BANC,FALSE,2000
,423,"{""s"": ""a"", ""t"": ""aa""}",,TRUE,2000
,424,"{""placeholder"": true}",TBD,FALSE,2000
,424,"{""placeholder"": true, ""hidden"": true}",TBD,TRUE,2000
,425,"{""placeholder"": true}",TBD,FALSE,2000
,425,"{""placeholder"": true, ""hidden"": true}",TBD,TRUE,2000
,426,"{""placeholder"": true}",TBD,FALSE,2000
,426,"{""placeholder"": true, ""hidden"": true}",TBD,TRUE,2000
,427,"{""placeholder"": true}",TBD,FALSE,2000
,427,"{""placeholder"": true, ""hidden"": true}",TBD,TRUE,2000
,428,"{""placeholder"": true}",TBD,FALSE,2000
,428,"{""placeholder"": true, ""hidden"": true}",TBD,TRUE,2000
,429,"{""nums"": [2, 1, 2, 4]}",3 -1 3 -1,FALSE,2000
,429,"{""nums"": [1, 2, 3, 4, 3]}",1 1 1 -1 -1,TRUE,2000
,430,"{""a"": [1, 2, 2, 1], ""b"": [2, 2]}",2,FALSE,2000
,430,"{""a"": [1, 2, 3], ""b"": [2, 3, 4]}",2 3,TRUE,2000
,431,"{""placeholder"": true}",TBD,FALSE,2000
,431,"{""placeholder"": true, ""hidden"": true}",TBD,TRUE,2000
,432,"{""placeholder"": true}",TBD,FALSE,2000
,432,"{""placeholder"": true, ""hidden"": true}",TBD,TRUE,2000
,433,"{""placeholder"": true}",TBD,FALSE,2000
,433,"{""placeholder"": true, ""hidden"": true}",TBD,TRUE,2000
,434,"{""placeholder"": true}",TBD,FALSE,2000
,434,"{""placeholder"": true, ""hidden"": true}",TBD,TRUE,2000
,435,"{""placeholder"": true}",TBD,FALSE,2000
,435,"{""placeholder"": true, ""hidden"": true}",TBD,TRUE,2000
,436,"{""placeholder"": true}",TBD,FALSE,2000
,436,"{""placeholder"": true, ""hidden"": true}",TBD,TRUE,2000
,437,"{""list"": [1, 2, 3, 4, 5]}",5 4 3 2 1,FALSE,2000
,437,"{""list"": [7]}",7,TRUE,2000
,438,"{""placeholder"": true}",TBD,FALSE,2000
,438,"{""placeholder"": true, ""hidden"": true}",TBD,TRUE,2000
,439,"{""placeholder"": true}",TBD,FALSE,2000
,439,"{""placeholder"": true, ""hidden"": true}",TBD,TRUE,2000
,440,"{""placeholder"": true}",TBD,FALSE,2000
,440,"{""placeholder"": true, ""hidden"": true}",TBD,TRUE,2000
,441,"{""placeholder"": true}",TBD,FALSE,2000
,441,"{""placeholder"": true, ""hidden"": true}",TBD,TRUE,2000
,442,"{""placeholder"": true}",TBD,FALSE,2000
,442,"{""placeholder"": true, ""hidden"": true}",TBD,TRUE,2000
,443,"{""placeholder"": true}",TBD,FALSE,2000
,443,"{""placeholder"": true, ""hidden"": true}",TBD,TRUE,2000
,444,"{""s"": ""(([]){})""}",true,FALSE,2000
,444,"{""s"": ""([)]""}",false,FALSE,2000
,444,"{""s"": ""(""}",false,TRUE,2000
,444,"{""s"": ""{[]}()""}",true,TRUE,2000
,445,"{""placeholder"": true}",TBD,FALSE,2000
,445,"{""placeholder"": true, ""hidden"": true}",TBD,TRUE,2000
,446,"{""placeholder"": true}",TBD,FALSE,2000
,446,"{""placeholder"": true, ""hidden"": true}",TBD,TRUE,2000
,447,"{""placeholder"": true}",TBD,FALSE,2000
,447,"{""placeholder"": true, ""hidden"": true}",TBD,TRUE,2000
,448,"{""placeholder"": true}",TBD,FALSE,2000
,448,"{""placeholder"": true, ""hidden"": true}",TBD,TRUE,2000
,449,"{""placeholder"": true}",TBD,FALSE,2000
,449,"{""placeholder"": true, ""hidden"": true}",TBD,TRUE,2000
,450,"{""placeholder"": true}",TBD,FALSE,2000
,450,"{""placeholder"": true, ""hidden"": true}",TBD,TRUE,2000
,451,"{""placeholder"": true}",TBD,FALSE,2000
,451,"{""placeholder"": true, ""hidden"": true}",TBD,TRUE,2000
,452,"{""placeholder"": true}",TBD,FALSE,2000
,452,"{""placeholder"": true, ""hidden"": true}",TBD,TRUE,2000
,453,"{""placeholder"": true}",TBD,FALSE,2000
,453,"{""placeholder"": true, ""hidden"": true}",TBD,TRUE,2000
,454,"{""placeholder"": true}",TBD,FALSE,2000
,454,"{""placeholder"": true, ""hidden"": true}",TBD,TRUE,2000
,455,"{""placeholder"": true}",TBD,FALSE,2000
,455,"{""placeholder"": true, ""hidden"": true}",TBD,TRUE,2000
,456,"{""placeholder"": true}",TBD,FALSE,2000
,456,"{""placeholder"": true, ""hidden"": true}",TBD,TRUE,2000
,457,"{""nums"": [2, 7, 11, 15, 1, 8], ""target"": 9}",0 1,FALSE,2000
,457,"{""nums"": [3, 2, 4, 6], ""target"": 6}",1 2,FALSE,2000
,457,"{""nums"": [3, 3], ""target"": 6}",0 1,TRUE,2000
,458,"{""placeholder"": true}",TBD,FALSE,2000
,458,"{""placeholder"": true, ""hidden"": true}",TBD,TRUE,2000
,459,"{""placeholder"": true}",TBD,FALSE,2000
,459,"{""placeholder"": true, ""hidden"": true}",TBD,TRUE,2000
,460,"{""placeholder"": true}",TBD,FALSE,2000
,460,"{""placeholder"": true, ""hidden"": true}",TBD,TRUE,2000
,461,"{""nums"": [2, 7, 11, 15, 1, 8], ""target"": 9}",0 1,FALSE,2000
,461,"{""nums"": [3, 2, 4, 6], ""target"": 6}",1 2,FALSE,2000
,461,"{""nums"": [3, 3], ""target"": 6}",0 1,TRUE,2000
,462,"{""arr"": [1, 3, 5, 6], ""target"": 5}",2,FALSE,2000
,462,"{""arr"": [1, 3, 5, 6], ""target"": 2}",1,FALSE,2000
,462,"{""arr"": [1, 3, 5, 6], ""target"": 7}",4,TRUE,2000
,462,"{""arr"": [1], ""target"": 0}",0,TRUE,2000
,463,"{""placeholder"": true}",TBD,FALSE,2000
,463,"{""placeholder"": true, ""hidden"": true}",TBD,TRUE,2000
,464,"{""placeholder"": true}",TBD,FALSE,2000
,464,"{""placeholder"": true, ""hidden"": true}",TBD,TRUE,2000
,465,"{""placeholder"": true}",TBD,FALSE,2000
,465,"{""placeholder"": true, ""hidden"": true}",TBD,TRUE,2000
,466,"{""placeholder"": true}",TBD,FALSE,2000
,466,"{""placeholder"": true, ""hidden"": true}",TBD,TRUE,2000
,467,"{""placeholder"": true}",TBD,FALSE,2000
,467,"{""placeholder"": true, ""hidden"": true}",TBD,TRUE,2000
,468,"{""placeholder"": true}",TBD,FALSE,2000
,468,"{""placeholder"": true, ""hidden"": true}",TBD,TRUE,2000
,469,"{""placeholder"": true}",TBD,FALSE,2000
,469,"{""placeholder"": true, ""hidden"": true}",TBD,TRUE,2000
,470,"{""placeholder"": true}",TBD,FALSE,2000
,470,"{""placeholder"": true, ""hidden"": true}",TBD,TRUE,2000
,471,"{""placeholder"": true}",TBD,FALSE,2000
,471,"{""placeholder"": true, ""hidden"": true}",TBD,TRUE,2000
,472,"{""placeholder"": true}",TBD,FALSE,2000
,472,"{""placeholder"": true, ""hidden"": true}",TBD,TRUE,2000
,473,"{""placeholder"": true}",TBD,FALSE,2000
,473,"{""placeholder"": true, ""hidden"": true}",TBD,TRUE,2000
,474,"{""placeholder"": true}",TBD,FALSE,2000
,474,"{""placeholder"": true, ""hidden"": true}",TBD,TRUE,2000
,475,"{""placeholder"": true}",TBD,FALSE,2000
,475,"{""placeholder"": true, ""hidden"": true}",TBD,TRUE,2000
,476,"{""placeholder"": true}",TBD,FALSE,2000
,476,"{""placeholder"": true, ""hidden"": true}",TBD,TRUE,2000
,477,"{""placeholder"": true}",TBD,FALSE,2000
,477,"{""placeholder"": true, ""hidden"": true}",TBD,TRUE,2000
,478,"{""placeholder"": true}",TBD,FALSE,2000
,478,"{""placeholder"": true, ""hidden"": true}",TBD,TRUE,2000
,479,"{""placeholder"": true}",TBD,FALSE,2000
,479,"{""placeholder"": true, ""hidden"": true}",TBD,TRUE,2000
,480,"{""placeholder"": true}",TBD,FALSE,2000
,480,"{""placeholder"": true, ""hidden"": true}",TBD,TRUE,2000
,481,"{""placeholder"": true}",TBD,FALSE,2000
,481,"{""placeholder"": true, ""hidden"": true}",TBD,TRUE,2000
,482,"{""placeholder"": true}",TBD,FALSE,2000
,482,"{""placeholder"": true, ""hidden"": true}",TBD,TRUE,2000
,483,"{""placeholder"": true}",TBD,FALSE,2000
,483,"{""placeholder"": true, ""hidden"": true}",TBD,TRUE,2000
,484,"{""placeholder"": true}",TBD,FALSE,2000
,484,"{""placeholder"": true, ""hidden"": true}",TBD,TRUE,2000
,485,"{""placeholder"": true}",TBD,FALSE,2000
,485,"{""placeholder"": true, ""hidden"": true}",TBD,TRUE,2000
,486,"{""placeholder"": true}",TBD,FALSE,2000
,486,"{""placeholder"": true, ""hidden"": true}",TBD,TRUE,2000
,487,"{""list"": [1, 2, 3, 4, 5]}",5 4 3 2 1,FALSE,2000
,487,"{""list"": [7]}",7,TRUE,2000
,488,"{""n"": 10, ""pick"": 6}",6,FALSE,2000
,488,"{""n"": 1, ""pick"": 1}",1,TRUE,2000
,489,"{""placeholder"": true}",TBD,FALSE,2000
,489,"{""placeholder"": true, ""hidden"": true}",TBD,TRUE,2000
,490,"{""placeholder"": true}",TBD,FALSE,2000
,490,"{""placeholder"": true, ""hidden"": true}",TBD,TRUE,2000
,491,"{""placeholder"": true}",TBD,FALSE,2000
,491,"{""placeholder"": true, ""hidden"": true}",TBD,TRUE,2000
,492,"{""s"": ""(([]){})""}",true,FALSE,2000
,492,"{""s"": ""([)]""}",false,FALSE,2000
,492,"{""s"": ""(""}",false,TRUE,2000
,492,"{""s"": ""{[]}()""}",true,TRUE,2000
,493,"{""placeholder"": true}",TBD,FALSE,2000
,493,"{""placeholder"": true, ""hidden"": true}",TBD,TRUE,2000
,494,"{""placeholder"": true}",TBD,FALSE,2000
,494,"{""placeholder"": true, ""hidden"": true}",TBD,TRUE,2000
,495,"{""placeholder"": true}",TBD,FALSE,2000
,495,"{""placeholder"": true, ""hidden"": true}",TBD,TRUE,2000
,496,"{""height"": [1, 8, 6, 2, 5, 4, 8, 3, 7]}",49,FALSE,2000
,497,"{""placeholder"": true}",TBD,FALSE,2000
,497,"{""placeholder"": true, ""hidden"": true}",TBD,TRUE,2000
,498,"{""placeholder"": true}",TBD,FALSE,2000
,498,"{""placeholder"": true, ""hidden"": true}",TBD,TRUE,2000
,499,"{""s"": ""ADOBECODEBANC"", ""t"": ""ABC""}",BANC,FALSE,2000
,499,"{""s"": ""a"", ""t"": ""aa""}",,TRUE,2000
,500,"{""placeholder"": true}",TBD,FALSE,2000
,500,"{""placeholder"": true, ""hidden"": true}",TBD,TRUE,2000
,501,"{""placeholder"": true}",TBD,FALSE,2000
,501,"{""placeholder"": true, ""hidden"": true}",TBD,TRUE,2000
,502,"{""placeholder"": true}",TBD,FALSE,2000
,502,"{""placeholder"": true, ""hidden"": true}",TBD,TRUE,2000
,503,"{""placeholder"": true}",TBD,FALSE,2000
,503,"{""placeholder"": true, ""hidden"": true}",TBD,TRUE,2000
,504,"{""placeholder"": true}",TBD,FALSE,2000
,504,"{""placeholder"": true, ""hidden"": true}",TBD,TRUE,2000
,505,"{""placeholder"": true}",TBD,FALSE,2000
,505,"{""placeholder"": true, ""hidden"": true}",TBD,TRUE,2000
,506,"{""placeholder"": true}",TBD,FALSE,2000
,506,"{""placeholder"": true, ""hidden"": true}",TBD,TRUE,2000
,507,"{""placeholder"": true}",TBD,FALSE,2000
,507,"{""placeholder"": true, ""hidden"": true}",TBD,TRUE,2000
,508,"{""placeholder"": true}",TBD,FALSE,2000
,508,"{""placeholder"": true, ""hidden"": true}",TBD,TRUE,2000
,509,"{""placeholder"": true}",TBD,FALSE,2000
,509,"{""placeholder"": true, ""hidden"": true}",TBD,TRUE,2000
,510,"{""placeholder"": true}",TBD,FALSE,2000
,510,"{""placeholder"": true, ""hidden"": true}",TBD,TRUE,2000
,511,"{""placeholder"": true}",TBD,FALSE,2000
,511,"{""placeholder"": true, ""hidden"": true}",TBD,TRUE,2000
,512,"{""placeholder"": true}",TBD,FALSE,2000
,512,"{""placeholder"": true, ""hidden"": true}",TBD,TRUE,2000
,513,"{""nums"": [2, 0, 2, 1, 1, 0]}",0 0 1 1 2 2,FALSE,2000
,514,"{""placeholder"": true}",TBD,FALSE,2000
,514,"{""placeholder"": true, ""hidden"": true}",TBD,TRUE,2000
,515,"{""placeholder"": true}",TBD,FALSE,2000
,515,"{""placeholder"": true, ""hidden"": true}",TBD,TRUE,2000
,516,"{""placeholder"": true}",TBD,FALSE,2000
,516,"{""placeholder"": true, ""hidden"": true}",TBD,TRUE,2000
,517,"{""placeholder"": true}",TBD,FALSE,2000
,517,"{""placeholder"": true, ""hidden"": true}",TBD,TRUE,2000
,518,"{""placeholder"": true}",TBD,FALSE,2000
,518,"{""placeholder"": true, ""hidden"": true}",TBD,TRUE,2000
,519,"{""placeholder"": true}",TBD,FALSE,2000
,519,"{""placeholder"": true, ""hidden"": true}",TBD,TRUE,2000
,520,"{""s"": ""eceba"", ""k"": 2}",3,FALSE,2000
,520,"{""s"": ""aa"", ""k"": 1}",2,TRUE,2000
,521,"{""placeholder"": true}",TBD,FALSE,2000
,521,"{""placeholder"": true, ""hidden"": true}",TBD,TRUE,2000
,522,"{""placeholder"": true}",TBD,FALSE,2000
,522,"{""placeholder"": true, ""hidden"": true}",TBD,TRUE,2000
,523,"{""placeholder"": true}",TBD,FALSE,2000
,523,"{""placeholder"": true, ""hidden"": true}",TBD,TRUE,2000
,524,"{""placeholder"": true}",TBD,FALSE,2000
,524,"{""placeholder"": true, ""hidden"": true}",TBD,TRUE,2000
,525,"{""placeholder"": true}",TBD,FALSE,2000
,525,"{""placeholder"": true, ""hidden"": true}",TBD,TRUE,2000
,526,"{""placeholder"": true}",TBD,FALSE,2000
,526,"{""placeholder"": true, ""hidden"": true}",TBD,TRUE,2000
,527,"{""placeholder"": true}",TBD,FALSE,2000
,527,"{""placeholder"": true, ""hidden"": true}",TBD,TRUE,2000
,528,"{""placeholder"": true}",TBD,FALSE,2000
,528,"{""placeholder"": true, ""hidden"": true}",TBD,TRUE,2000
,529,"{""placeholder"": true}",TBD,FALSE,2000
,529,"{""placeholder"": true, ""hidden"": true}",TBD,TRUE,2000
,530,"{""placeholder"": true}",TBD,FALSE,2000
,530,"{""placeholder"": true, ""hidden"": true}",TBD,TRUE,2000
,531,"{""placeholder"": true}",TBD,FALSE,2000
,531,"{""placeholder"": true, ""hidden"": true}",TBD,TRUE,2000
,532,"{""placeholder"": true}",TBD,FALSE,2000
,532,"{""placeholder"": true, ""hidden"": true}",TBD,TRUE,2000
,533,"{""placeholder"": true}",TBD,FALSE,2000
,533,"{""placeholder"": true, ""hidden"": true}",TBD,TRUE,2000
,534,"{""placeholder"": true}",TBD,FALSE,2000
,534,"{""placeholder"": true, ""hidden"": true}",TBD,TRUE,2000
,535,"{""placeholder"": true}",TBD,FALSE,2000
,535,"{""placeholder"": true, ""hidden"": true}",TBD,TRUE,2000
,536,"{""placeholder"": true}",TBD,FALSE,2000
,536,"{""placeholder"": true, ""hidden"": true}",TBD,TRUE,2000
,537,"{""s"": ""ADOBECODEBANC"", ""t"": ""ABC""}",BANC,FALSE,2000
,537,"{""s"": ""a"", ""t"": ""aa""}",,TRUE,2000
,538,"{""placeholder"": true}",TBD,FALSE,2000
,538,"{""placeholder"": true, ""hidden"": true}",TBD,TRUE,2000
,539,"{""placeholder"": true}",TBD,FALSE,2000
,539,"{""placeholder"": true, ""hidden"": true}",TBD,TRUE,2000
,540,"{""nums"": [2, 1, 2, 4]}",3 -1 3 -1,FALSE,2000
,540,"{""nums"": [1, 2, 3, 4, 3]}",1 1 1 -1 -1,TRUE,2000
,541,"{""n"": 19}",true,FALSE,2000
,541,"{""n"": 2}",false,TRUE,2000
,542,"{""placeholder"": true}",TBD,FALSE,2000
,542,"{""placeholder"": true, ""hidden"": true}",TBD,TRUE,2000
,543,"{""placeholder"": true}",TBD,FALSE,2000
,543,"{""placeholder"": true, ""hidden"": true}",TBD,TRUE,2000
,544,"{""placeholder"": true}",TBD,FALSE,2000
,544,"{""placeholder"": true, ""hidden"": true}",TBD,TRUE,2000
,545,"{""placeholder"": true}",TBD,FALSE,2000
,545,"{""placeholder"": true, ""hidden"": true}",TBD,TRUE,2000
,546,"{""placeholder"": true}",TBD,FALSE,2000
,546,"{""placeholder"": true, ""hidden"": true}",TBD,TRUE,2000
,547,"{""placeholder"": true}",TBD,FALSE,2000
,547,"{""placeholder"": true, ""hidden"": true}",TBD,TRUE,2000
,548,"{""placeholder"": true}",TBD,FALSE,2000
,548,"{""placeholder"": true, ""hidden"": true}",TBD,TRUE,2000
,549,"{""placeholder"": true}",TBD,FALSE,2000
,549,"{""placeholder"": true, ""hidden"": true}",TBD,TRUE,2000
,550,"{""placeholder"": true}",TBD,FALSE,2000
,550,"{""placeholder"": true, ""hidden"": true}",TBD,TRUE,2000
,551,"{""placeholder"": true}",TBD,FALSE,2000
,551,"{""placeholder"": true, ""hidden"": true}",TBD,TRUE,2000
,552,"{""placeholder"": true}",TBD,FALSE,2000
,552,"{""placeholder"": true, ""hidden"": true}",TBD,TRUE,2000
,553,"{""placeholder"": true}",TBD,FALSE,2000
,553,"{""placeholder"": true, ""hidden"": true}",TBD,TRUE,2000
,554,"{""s"": ""ADOBECODEBANC"", ""t"": ""ABC""}",BANC,FALSE,2000
,554,"{""s"": ""a"", ""t"": ""aa""}",,TRUE,2000
,555,"{""placeholder"": true}",TBD,FALSE,2000
,555,"{""placeholder"": true, ""hidden"": true}",TBD,TRUE,2000
,556,"{""placeholder"": true}",TBD,FALSE,2000
,556,"{""placeholder"": true, ""hidden"": true}",TBD,TRUE,2000
,557,"{""s"": ""abbaca""}",ca,FALSE,2000
,557,"{""s"": ""azxxzy""}",ay,TRUE,2000
,558,"{""placeholder"": true}",TBD,FALSE,2000
,558,"{""placeholder"": true, ""hidden"": true}",TBD,TRUE,2000
,559,"{""placeholder"": true}",TBD,FALSE,2000
,559,"{""placeholder"": true, ""hidden"": true}",TBD,TRUE,2000
,560,"{""list"": [1, 2, 3, 4, 5]}",5 4 3 2 1,FALSE,2000
,560,"{""list"": [7]}",7,TRUE,2000
,561,"{""nums"": [2, 0, 2, 1, 1, 0]}",0 0 1 1 2 2,FALSE,2000
,562,"{""placeholder"": true}",TBD,FALSE,2000
,562,"{""placeholder"": true, ""hidden"": true}",TBD,TRUE,2000
,563,"{""placeholder"": true}",TBD,FALSE,2000
,563,"{""placeholder"": true, ""hidden"": true}",TBD,TRUE,2000
,564,"{""placeholder"": true}",TBD,FALSE,2000
,564,"{""placeholder"": true, ""hidden"": true}",TBD,TRUE,2000
,565,"{""placeholder"": true}",TBD,FALSE,2000
,565,"{""placeholder"": true, ""hidden"": true}",TBD,TRUE,2000
,566,"{""nums"": [2, 1, 2, 4]}",3 -1 3 -1,FALSE,2000
,566,"{""nums"": [1, 2, 3, 4, 3]}",1 1 1 -1 -1,TRUE,2000
,567,"{""s"": ""abbaca""}",ca,FALSE,2000
,567,"{""s"": ""azxxzy""}",ay,TRUE,2000
,568,"{""placeholder"": true}",TBD,FALSE,2000
,568,"{""placeholder"": true, ""hidden"": true}",TBD,TRUE,2000
,569,"{""placeholder"": true}",TBD,FALSE,2000
,569,"{""placeholder"": true, ""hidden"": true}",TBD,TRUE,2000
,570,"{""placeholder"": true}",TBD,FALSE,2000
,570,"{""placeholder"": true, ""hidden"": true}",TBD,TRUE,2000
,571,"{""note"": ""a"", ""magazine"": ""b""}",false,FALSE,2000
,571,"{""note"": ""aa"", ""magazine"": ""ab""}",false,FALSE,2000
,571,"{""note"": ""aa"", ""magazine"": ""aba""}",true,TRUE,2000
,572,"{""placeholder"": true}",TBD,FALSE,2000
,572,"{""placeholder"": true, ""hidden"": true}",TBD,TRUE,2000
,573,"{""placeholder"": true}",TBD,FALSE,2000
,573,"{""placeholder"": true, ""hidden"": true}",TBD,TRUE,2000
,574,"{""placeholder"": true}",TBD,FALSE,2000
,574,"{""placeholder"": true, ""hidden"": true}",TBD,TRUE,2000
,575,"{""placeholder"": true}",TBD,FALSE,2000
,575,"{""placeholder"": true, ""hidden"": true}",TBD,TRUE,2000
,576,"{""placeholder"": true}",TBD,FALSE,2000
,576,"{""placeholder"": true, ""hidden"": true}",TBD,TRUE,2000
,577,"{""placeholder"": true}",TBD,FALSE,2000
,577,"{""placeholder"": true, ""hidden"": true}",TBD,TRUE,2000
,578,"{""placeholder"": true}",TBD,FALSE,2000
,578,"{""placeholder"": true, ""hidden"": true}",TBD,TRUE,2000
,579,"{""nums"": [1, 1, 2, 2, 3]}",3,FALSE,2000
,579,"{""nums"": [0, 0, 1, 1, 1, 2]}",4,FALSE,2000
,579,"{""nums"": [5]}",1,TRUE,2000
,580,"{""placeholder"": true}",TBD,FALSE,2000
,580,"{""placeholder"": true, ""hidden"": true}",TBD,TRUE,2000
,581,"{""placeholder"": true}",TBD,FALSE,2000
,581,"{""placeholder"": true, ""hidden"": true}",TBD,TRUE,2000
,582,"{""placeholder"": true}",TBD,FALSE,2000
,582,"{""placeholder"": true, ""hidden"": true}",TBD,TRUE,2000
,583,"{""placeholder"": true}",TBD,FALSE,2000
,583,"{""placeholder"": true, ""hidden"": true}",TBD,TRUE,2000
,584,"{""nums"": [1, 2, 3, 4]}",24 12 8 6,FALSE,2000
,584,"{""nums"": [0, 0, 2, 3, 4]}",0 0 0 0 0,TRUE,2000
,585,"{""placeholder"": true}",TBD,FALSE,2000
,585,"{""placeholder"": true, ""hidden"": true}",TBD,TRUE,2000
,586,"{""placeholder"": true}",TBD,FALSE,2000
,586,"{""placeholder"": true, ""hidden"": true}",TBD,TRUE,2000
,587,"{""placeholder"": true}",TBD,FALSE,2000
,587,"{""placeholder"": true, ""hidden"": true}",TBD,TRUE,2000
,588,"{""s"": ""anagram"", ""t"": ""nagaram""}",true,FALSE,2000
,588,"{""s"": ""rat"", ""t"": ""car""}",false,FALSE,2000
,588,"{""s"": ""a"", ""t"": ""a""}",true,TRUE,2000
,589,"{""placeholder"": true}",TBD,FALSE,2000
,589,"{""placeholder"": true, ""hidden"": true}",TBD,TRUE,2000
,590,"{""placeholder"": true}",TBD,FALSE,2000
,590,"{""placeholder"": true, ""hidden"": true}",TBD,TRUE,2000
,591,"{""placeholder"": true}",TBD,FALSE,2000
,591,"{""placeholder"": true, ""hidden"": true}",TBD,TRUE,2000
,592,"{""placeholder"": true}",TBD,FALSE,2000
,592,"{""placeholder"": true, ""hidden"": true}",TBD,TRUE,2000
,593,"{""placeholder"": true}",TBD,FALSE,2000
,593,"{""placeholder"": true, ""hidden"": true}",TBD,TRUE,2000
,594,"{""placeholder"": true}",TBD,FALSE,2000
,594,"{""placeholder"": true, ""hidden"": true}",TBD,TRUE,2000
,595,"{""placeholder"": true}",TBD,FALSE,2000
,595,"{""placeholder"": true, ""hidden"": true}",TBD,TRUE,2000
,596,"{""placeholder"": true}",TBD,FALSE,2000
,596,"{""placeholder"": true, ""hidden"": true}",TBD,TRUE,2000
,597,"{""placeholder"": true}",TBD,FALSE,2000
,597,"{""placeholder"": true, ""hidden"": true}",TBD,TRUE,2000
,598,"{""placeholder"": true}",TBD,FALSE,2000
,598,"{""placeholder"": true, ""hidden"": true}",TBD,TRUE,2000
,599,"{""placeholder"": true}",TBD,FALSE,2000
,599,"{""placeholder"": true, ""hidden"": true}",TBD,TRUE,2000
,600,"{""placeholder"": true}",TBD,FALSE,2000
,600,"{""placeholder"": true, ""hidden"": true}",TBD,TRUE,2000
